{
    "timestamp": "2025-11-14 01:20:04",
    "model_config": {
        "model_name": "sentence-transformers/all-MiniLM-L6-v2",
        "device": "cuda",
        "batch_size": 32,
        "learning_rate": 2e-05,
        "epochs": 10,
        "embedding_dim": 384,
        "num_classes": 25,
        "total_samples": 166,
        "train_samples": 132,
        "test_samples": 33
    },
    "training_history": {
        "epochs": [
            1,
            2,
            3,
            4,
            5,
            6,
            7,
            8,
            9,
            10
        ],
        "train_loss": [
            3.2258176803588867,
            3.2234983444213867,
            3.2229020595550537,
            3.225874185562134,
            3.2266480922698975,
            3.223322868347168,
            3.2244842052459717,
            3.2249555587768555,
            3.224355459213257,
            3.223895311355591
        ],
        "train_accuracy": [
            0.03787878900766373,
            0.03787878900766373,
            0.03787878900766373,
            0.03787878900766373,
            0.03787878900766373,
            0.03787878900766373,
            0.03787878900766373,
            0.03787878900766373,
            0.03787878900766373,
            0.03787878900766373
        ],
        "test_accuracy": [
            0.05882352963089943,
            0.05882352963089943,
            0.05882352963089943,
            0.05882352963089943,
            0.05882352963089943,
            0.05882352963089943,
            0.05882352963089943,
            0.05882352963089943,
            0.05882352963089943,
            0.05882352963089943
        ]
    },
    "final_metrics": {
        "accuracy": 0.058823529411764705,
        "weighted_precision": 0.0034602076124567475,
        "weighted_recall": 0.058823529411764705,
        "weighted_f1_score": 0.0065359477124183
    },
    "per_class_metrics": {
        "Advocate": {
            "precision": 0.0,
            "recall": 0.0,
            "f1-score": 0.0,
            "support": 2.0
        },
        "Arts": {
            "precision": 0.0,
            "recall": 0.0,
            "f1-score": 0.0,
            "support": 1.0
        },
        "Automation Testing": {
            "precision": 0.0,
            "recall": 0.0,
            "f1-score": 0.0,
            "support": 1.0
        },
        "Blockchain": {
            "precision": 0.0,
            "recall": 0.0,
            "f1-score": 0.0,
            "support": 1.0
        },
        "Business Analyst": {
            "precision": 0.0,
            "recall": 0.0,
            "f1-score": 0.0,
            "support": 1.0
        },
        "Civil Engineer": {
            "precision": 0.0,
            "recall": 0.0,
            "f1-score": 0.0,
            "support": 1.0
        },
        "Data Science": {
            "precision": 0.0,
            "recall": 0.0,
            "f1-score": 0.0,
            "support": 2.0
        },
        "Database": {
            "precision": 0.0,
            "recall": 0.0,
            "f1-score": 0.0,
            "support": 2.0
        },
        "DevOps Engineer": {
            "precision": 0.0,
            "recall": 0.0,
            "f1-score": 0.0,
            "support": 1.0
        },
        "DotNet Developer": {
            "precision": 0.0,
            "recall": 0.0,
            "f1-score": 0.0,
            "support": 2.0
        },
        "ETL Developer": {
            "precision": 0.0,
            "recall": 0.0,
            "f1-score": 0.0,
            "support": 1.0
        },
        "Electrical Engineering": {
            "precision": 0.0,
            "recall": 0.0,
            "f1-score": 0.0,
            "support": 1.0
        },
        "HR": {
            "precision": 0.0,
            "recall": 0.0,
            "f1-score": 0.0,
            "support": 2.0
        },
        "Hadoop": {
            "precision": 0.058823529411764705,
            "recall": 1.0,
            "f1-score": 0.1111111111111111,
            "support": 2.0
        },
        "Health and fitness": {
            "precision": 0.0,
            "recall": 0.0,
            "f1-score": 0.0,
            "support": 1.0
        },
        "Java Developer": {
            "precision": 0.0,
            "recall": 0.0,
            "f1-score": 0.0,
            "support": 3.0
        },
        "Mechanical Engineer": {
            "precision": 0.0,
            "recall": 0.0,
            "f1-score": 0.0,
            "support": 1.0
        },
        "Network Security Engineer": {
            "precision": 0.0,
            "recall": 0.0,
            "f1-score": 0.0,
            "support": 1.0
        },
        "Operations Manager": {
            "precision": 0.0,
            "recall": 0.0,
            "f1-score": 0.0,
            "support": 1.0
        },
        "PMO": {
            "precision": 0.0,
            "recall": 0.0,
            "f1-score": 0.0,
            "support": 1.0
        },
        "Python Developer": {
            "precision": 0.0,
            "recall": 0.0,
            "f1-score": 0.0,
            "support": 1.0
        },
        "SAP Developer": {
            "precision": 0.0,
            "recall": 0.0,
            "f1-score": 0.0,
            "support": 1.0
        },
        "Sales": {
            "precision": 0.0,
            "recall": 0.0,
            "f1-score": 0.0,
            "support": 1.0
        },
        "Testing": {
            "precision": 0.0,
            "recall": 0.0,
            "f1-score": 0.0,
            "support": 2.0
        },
        "Web Designing": {
            "precision": 0.0,
            "recall": 0.0,
            "f1-score": 0.0,
            "support": 1.0
        },
        "accuracy": 0.058823529411764705,
        "macro avg": {
            "precision": 0.002352941176470588,
            "recall": 0.04,
            "f1-score": 0.0044444444444444444,
            "support": 34.0
        },
        "weighted avg": {
            "precision": 0.0034602076124567475,
            "recall": 0.058823529411764705,
            "f1-score": 0.0065359477124183,
            "support": 34.0
        }
    },